log_file,run_id,model,version,timestamp,seed,puzzles_attempted,puzzles_solved,solve_rate,total_guesses,correct_guesses,incorrect_guesses,invalid_responses,guess_accuracy,avg_time_sec,total_time_sec,total_tokens,total_prompt_tokens,total_completion_tokens,token_count_method,total_cost,total_upstream_cost,start_timestamp,end_timestamp
,2025-12-20T01-18-36_step3,stepfun-ai/step3,2.0.2,2025-12-20T01:18:36.656134+00:00,,8,0,0.0,1,1,0,0,1.0,107.54725,860.378,7820.0,564.0,7256.0,API,0.0053125,0.0,2025-12-20T01:18:36.656134+00:00,2025-12-20T01:25:46.857409+00:00
,2025-12-20T01-18-27_nova-pro,amazon/nova-pro-v1,2.0.2,2025-12-20T01:18:27.254189+00:00,,20,1,0.05,90,13,76,1,0.14444444444444443,23.305799999999998,466.116,187226.0,144350.0,42876.0,API,0.1263416,0.0,2025-12-20T01:18:27.254189+00:00,2025-12-20T01:19:07.696233+00:00
,2025-12-20T01-18-06_command-r-plus,unknown,2.0.2,2025-12-20T01:18:06.508923+00:00,,16,0,0.0,0,0,0,0,0,0.0,0.0,0.0,0.0,0.0,API,0.0,0.0,2025-12-20T01:18:06.508923+00:00,2025-12-20T01:19:12.399327+00:00
,2025-12-20T01-18-00_mistral-large,mistralai/mistral-large,2.0.2,2025-12-20T01:18:00.133598+00:00,,20,1,0.05,99,23,76,0,0.23232323232323232,117.54690000000001,2350.938,422734.0,294758.0,127976.0,API,0.6786860000000001,0.0,2025-12-20T01:18:00.133598+00:00,2025-12-20T01:20:52.051804+00:00
,2025-12-20T01-17-42_llama-3.3,meta-llama/llama-3.3-70b-instruct,2.0.2,2025-12-20T01:17:42.775708+00:00,,20,1,0.05,97,19,77,1,0.1958762886597938,101.37440000000001,2027.488,180010.0,139950.0,40060.0,API,0.026777154,0.0,2025-12-20T01:17:42.775708+00:00,2025-12-20T01:20:13.804617+00:00
,2025-12-20T01-17-29_o4-mini,openai/o4-mini,2.0.2,2025-12-20T01:17:29.848072+00:00,,20,19,0.95,97,78,19,0,0.8041237113402062,426.7464,8534.928,1170248.0,97702.0,1072546.0,API,0.0,2.4133373000000007,2025-12-20T01:17:29.848072+00:00,2025-12-20T01:31:26.815247+00:00
,2025-12-20T01-17-14_o3-mini,openai/o3-mini,2.0.2,2025-12-20T01:17:14.148723+00:00,,20,14,0.7,100,64,35,1,0.64,316.6442,6332.884,865250.0,109294.0,755956.0,API,0.0,1.7232149000000003,2025-12-20T01:17:14.148723+00:00,2025-12-20T01:26:19.156327+00:00
,2025-12-19T01-20-54_haiku-4.5,anthropic/claude-haiku-4.5,2.0.2,2025-12-19T01:20:54.786396+00:00,,20,16,0.8,94,70,24,0,0.7446808510638298,74.789,1495.78,499774.0,345716.0,154058.0,API,0.5580030000000001,0.0,2025-12-19T01:20:54.786396+00:00,2025-12-19T01:23:17.732309+00:00
,2025-12-19T01-14-30_opus-4.5,anthropic/claude-opus-4.5,2.0.2,2025-12-19T01:14:30.221800+00:00,,20,20,1.0,88,80,8,0,0.9090909090909091,96.98339999999999,1939.668,362640.0,263256.0,99384.0,API,1.9004400000000004,0.0,2025-12-19T01:14:30.221800+00:00,2025-12-19T01:16:51.042845+00:00
,2025-12-19T01-12-19_gpt5.2,openai/gpt-5.2,2.0.2,2025-12-19T01:12:19.626344+00:00,,20,20,1.0,83,80,3,0,0.963855421686747,84.0761,1681.522,156078.0,73602.0,82476.0,API,0.0,0.6417337499999999,2025-12-19T01:12:19.626344+00:00,2025-12-19T01:15:01.988211+00:00
,2025-12-19T01-11-11_sonnet-4.5,anthropic/claude-4.5-sonnet,2.0.2,2025-12-19T01:11:11.198227+00:00,,20,19,0.95,86,78,8,0,0.9069767441860465,77.2587,1545.174,285920.0,206466.0,79454.0,API,0.9056040000000002,0.0,2025-12-19T01:11:11.198227+00:00,2025-12-19T01:13:15.571713+00:00
,2025-12-19T01-05-32_sonnet-4.5,anthropic/claude-4.5-sonnet,2.0.2,2025-12-19T01:05:32.525262+00:00,,41,37,0.9024390243902439,182,155,26,1,0.8516483516483516,80.97746341463414,3320.076,630754.0,462294.0,168460.0,API,1.9568910000000008,0.0,2025-12-19T01:05:32.525262+00:00,2025-12-19T01:09:15.021702+00:00
,2025-12-19T00-45-53_gpt5-mini,openai/gpt-5-mini,2.0.2,2025-12-19T00:45:53.640168+00:00,,20,20,1.0,84,80,4,0,0.9523809523809523,222.47330000000002,4449.466,315708.0,88018.0,227690.0,API,0.0,0.23869224999999997,2025-12-19T00:45:53.640168+00:00,2025-12-19T00:51:47.930283+00:00
,2025-12-19T00-44-18_gpt5-mini,openai/gpt-5-mini,2.0.2,2025-12-19T00:44:18.029963+00:00,,1,1,1.0,4,4,0,0,1.0,151.91,151.91,11768.0,3782.0,7986.0,API,0.0,0.008458750000000001,2025-12-19T00:44:18.029963+00:00,2025-12-19T00:45:34.029519+00:00
,2025-12-19T00-41-54_gemini-3-flash,google/gemini-3-flash-preview,2.0.2,2025-12-19T00:41:54.681126+00:00,,1,1,1.0,4,4,0,0,1.0,32.262,32.262,13314.0,9306.0,4008.0,API,0.0083385,0.0,2025-12-19T00:41:54.681126+00:00,2025-12-19T00:42:10.842089+00:00
,2025-12-18T21-07-00_gemini-3-flash,google/gemini-3-flash-preview,2.0.2,2025-12-18T21:07:00.631989+00:00,,1,1,1.0,4,4,0,0,1.0,47.262,47.262,17890.0,11794.0,6096.0,API,0.0120925,0.0,2025-12-18T21:07:00.631989+00:00,2025-12-18T21:07:24.276865+00:00
,2025-12-17T23-40-58_gemini-3-flash,google/gemini-3-flash-preview,2.0.2,2025-12-17T23:40:58.608162+00:00,,20,20,1.0,84,80,4,0,0.9523809523809523,26.965600000000002,539.312,274644.0,206566.0,68078.0,API,0.14649549999999997,0.0,2025-12-17T23:40:58.608162+00:00,2025-12-17T23:45:28.427030+00:00
,2025-12-12T21-21-38_haiku-4.5,anthropic/claude-haiku-4.5,2.0.2,2025-12-12T21:21:38.405827+00:00,,20,14,0.7,98,64,32,2,0.6530612244897959,102.76050000000001,2055.21,618976.0,430818.0,188158.0,API,0.6858040000000003,0.0,2025-12-12T21:21:38.405827+00:00,2025-12-12T21:38:46.208308+00:00
,2025-12-12T04-40-59_gpt5,openai/gpt-5,2.0.2,2025-12-12T05:33:51.118663+00:00,,7,7,1.0,30,28,2,0,0.9333333333333333,511.71857142857147,3582.03,173626.0,23894.0,149732.0,API,0.0,0.7635937499999998,2025-12-12T05:33:51.118663+00:00,2025-12-12T06:01:15.412063+00:00
,2025-12-12T05-17-38_grok4-fast,x-ai/grok-4-fast,2.0.2,2025-12-12T05:26:33.230833+00:00,,5,5,1.0,22,20,2,0,0.9090909090909091,178.9136,894.568,150142.0,39532.0,110610.0,API,0.0300157,0.0,2025-12-12T05:26:33.230833+00:00,2025-12-12T05:32:25.143172+00:00
,2025-12-12T04-40-34_o3,openai/o3,2.0.2,2025-12-12T04:40:34.159973+00:00,,20,20,1.0,81,80,1,0,0.9876543209876543,267.3385,5346.77,461576.0,87392.0,374184.0,API,0.0,1.584128,2025-12-12T04:40:34.159973+00:00,2025-12-12T05:25:07.720021+00:00
,2025-12-11T21-05-29_gpt5.2-pro,openai/gpt-5.2-pro,2.0.2,2025-12-11T21:05:29.710985+00:00,,20,20,1.0,80,80,0,0,1.0,445.0715,8901.43,164378.0,70020.0,94358.0,API,0.0,8.661282,2025-12-11T21:05:29.710985+00:00,2025-12-11T22:19:40.609123+00:00
,2025-12-11T19-53-35_gpt5.2,openai/gpt-5.2,2.0.2,2025-12-11T19:53:35.455790+00:00,,20,20,1.0,83,80,3,0,0.963855421686747,71.1503,1423.006,149526.0,72300.0,77226.0,API,0.0,0.6038444999999998,2025-12-11T19:53:35.455790+00:00,2025-12-11T20:05:27.138291+00:00
,2025-12-03T03-33-18_gpt5-mini,openai/gpt-5-mini,2.0.2,2025-12-03T03:33:18.668954+00:00,,20,19,0.95,92,78,14,0,0.8478260869565217,236.76529999999997,4735.306,393814.0,107634.0,286180.0,API,0.0,0.29963424999999994,2025-12-03T03:33:18.668954+00:00,2025-12-03T04:12:46.518567+00:00
,2025-12-03T03-01-54_grok4-fast,x-ai/grok-4-fast,2.0.2,2025-12-03T03:01:54.243958+00:00,,1,1,1.0,4,4,0,0,1.0,52.994,52.994,15516.0,6044.0,9472.0,API,0.0028139999999999997,0.0,2025-12-03T03:01:54.243958+00:00,2025-12-03T03:02:20.748917+00:00
,2025-12-03T02-56-06_grok4-fast,x-ai/grok-4-fast,2.0.2,2025-12-03T02:56:06.673042+00:00,,1,1,1.0,4,4,0,0,1.0,27.156,27.156,10050.0,5884.0,4166.0,API,0.001467,0.0,2025-12-03T02:56:06.673042+00:00,2025-12-03T02:56:20.259343+00:00
,2025-12-03T02-46-57_grok4-fast,x-ai/grok-4-fast,2.0.2,2025-12-03T02:46:57.578737+00:00,,1,1,1.0,4,4,0,0,1.0,154.256,154.256,33702.0,7248.0,26454.0,API,0.00697245,0.0,2025-12-03T02:46:57.578737+00:00,2025-12-03T02:48:14.712119+00:00
,2025-12-03T02-44-58_grok4-fast,x-ai/grok-4-fast,2.0.2,2025-12-03T02:44:58.605866+00:00,,1,1,1.0,4,4,0,0,1.0,23.038,23.038,9982.0,5952.0,4030.0,API,0.00140515,0.0,2025-12-03T02:44:58.605866+00:00,2025-12-03T02:45:10.130256+00:00
,2025-12-03T02-39-59_grok4-fast,x-ai/grok-4-fast,2.0.2,2025-12-03T02:39:59.934153+00:00,,1,1,1.0,4,4,0,0,1.0,41.97,41.97,11700.0,6476.0,5224.0,API,0.0016589999999999999,0.0,2025-12-03T02:39:59.934153+00:00,2025-12-03T02:40:20.924195+00:00
,2025-12-03T02-39-23_grok4-fast,x-ai/grok-4-fast,2.0.2,2025-12-03T02:39:23.449895+00:00,,1,1,1.0,4,4,0,0,1.0,40.054,40.054,11708.0,6478.0,5230.0,API,0.0017806999999999999,0.0,2025-12-03T02:39:23.449895+00:00,2025-12-03T02:39:43.481178+00:00
,2025-12-02T23-21-12_deepseek-v3.2,deepseek/deepseek-v3.2,2.0.2,2025-12-02T23:21:12.690177+00:00,,20,17,0.85,92,72,20,0,0.782608695652174,523.6649,10473.298,537668.0,230588.0,307080.0,API,0.08168944000000002,0.0,2025-12-02T23:21:12.690177+00:00,2025-12-03T00:48:29.455213+00:00
,2025-12-02T23-16-23_deepseek-v3.2,deepseek/deepseek-v3.2,2.0.2,2025-12-02T23:16:23.481502+00:00,,1,1,1.0,4,4,0,0,1.0,465.628,465.628,17888.0,5792.0,12096.0,API,0.002987432,0.0,2025-12-02T23:16:23.481502+00:00,2025-12-02T23:20:16.301241+00:00
,2025-11-25T17-32-28_sonnet-4.5,anthropic/claude-4.5-sonnet,2.0.2,2025-11-25T17:32:28.853300+00:00,,20,19,0.95,88,78,10,0,0.8863636363636364,87.9079,1758.158,303094.0,219408.0,83686.0,API,0.956757,0.0,2025-11-25T17:32:28.853300+00:00,2025-11-25T17:47:08.583730+00:00
,2025-11-24T19-46-16_opus-4.5,anthropic/claude-opus-4.5,2.0.2,2025-11-24T19:46:16.149674+00:00,,20,20,1.0,84,80,4,0,0.9523809523809523,87.9188,1758.376,310270.0,225268.0,85002.0,API,1.0836250000000003,0.0,2025-11-24T19:46:16.149674+00:00,2025-11-24T20:00:55.952868+00:00
,2025-11-24T19-44-28_opus-4.5,anthropic/claude-opus-4.5,2.0.2,2025-11-24T19:44:28.443450+00:00,,1,1,1.0,4,4,0,0,1.0,108.516,108.516,15318.0,10388.0,4930.0,API,0.045255000000000004,0.0,2025-11-24T19:44:28.443450+00:00,2025-11-24T19:45:22.726317+00:00
,2025-11-18T16-59-04_gemini-3-preview,google/gemini-3-pro-preview,2.0.2,2025-11-18T16:59:04.507073+00:00,,20,20,1.0,81,80,0,1,0.9876543209876543,147.8357,2956.714,350184.0,109634.0,240550.0,API,1.5529340000000005,0.0,2025-11-18T16:59:04.507073+00:00,2025-11-18T17:23:42.987660+00:00
,2025-11-18T16-54-18_gemini-3-preview,google/gemini-3-pro-preview,2.0.2,2025-11-18T16:54:18.141093+00:00,,1,1,1.0,4,4,0,0,1.0,311.074,311.074,25048.0,5370.0,19678.0,API,0.12343799999999999,0.0,2025-11-18T16:54:18.141093+00:00,2025-11-18T16:56:53.683068+00:00
,2025-11-16T18-08-23_sherlock-dash-alpha,openrouter/sherlock-dash-alpha,2.0.2,2025-11-16T18:08:23.577226+00:00,,20,19,0.95,91,77,14,0,0.8461538461538461,65.1458,1302.916,371008.0,272290.0,98718.0,API,0.0,0.0,2025-11-16T18:08:23.577226+00:00,2025-11-16T18:19:15.651375+00:00
,2025-11-16T17-58-33_sherlock-dash-alpha,openrouter/sherlock-dash-alpha,2.0.2,2025-11-16T17:58:33.291092+00:00,,20,16,0.8,93,72,13,8,0.7741935483870968,51.1597,1023.194,317568.0,243300.0,74268.0,API,0.0,0.0,2025-11-16T17:58:33.291092+00:00,2025-11-16T18:07:05.484459+00:00
,2025-11-16T17-58-18_sherlock-think-alpha,openrouter/sherlock-think-alpha,2.0.2,2025-11-16T17:58:18.066274+00:00,,20,20,1.0,83,80,3,0,0.963855421686747,151.9925,3039.85,396816.0,138392.0,258424.0,API,0.0,0.0,2025-11-16T17:58:18.066274+00:00,2025-11-16T18:23:38.577050+00:00
,2025-11-16T17-55-47_sherlock-think-alpha,openrouter/sherlock-think-alpha,2.0.2,2025-11-16T17:55:47.870323+00:00,,1,1,1.0,4,4,0,0,1.0,50.644,50.644,10184.0,5820.0,4364.0,API,0.0,0.0,2025-11-16T17:55:47.870323+00:00,2025-11-16T17:56:13.213514+00:00
,2025-11-16T17-54-57_gpt5.1,openai/gpt-5.1,2.0.2,2025-11-16T17:54:57.421995+00:00,,1,1,1.0,5,4,0,1,0.8,626.958,626.958,12258.0,4734.0,7524.0,API,0.0,0.039785,2025-11-16T17:54:57.421995+00:00,2025-11-16T18:00:10.926349+00:00
,2025-11-16T17-54-13_sherlock-dash-alpha,openrouter/sherlock-dash-alpha,2.0.2,2025-11-16T17:54:13.084657+00:00,,1,1,1.0,6,4,2,0,0.6666666666666666,41.992,41.992,15640.0,13034.0,2606.0,API,0.0,0.0,2025-11-16T17:54:13.084657+00:00,2025-11-16T17:54:34.107485+00:00
,2025-11-12T20-08-45_kimi-k2-thinking,moonshotai/kimi-k2-thinking,2.0.2,2025-11-12T20:08:45.879364+00:00,,20,17,0.85,101,74,16,11,0.7326732673267327,1012.3200999999999,20246.402,716768.0,258640.0,458128.0,API,0.6499168000000002,0.0,2025-11-12T20:08:45.879364+00:00,2025-11-12T22:57:29.873921+00:00
,2025-11-12T19-58-41_kimi-k2-thinking,moonshotai/kimi-k2-thinking,2.0.2,2025-11-12T19:58:41.231810+00:00,,1,1,1.0,6,4,2,0,0.6666666666666666,982.894,982.894,120672.0,58052.0,62620.0,API,0.18318035,0.0,2025-11-12T19:58:41.231810+00:00,2025-11-12T20:06:52.717763+00:00
,2025-11-12T19-49-14_kimi-k2-thinking,unknown,2.0.2,2025-11-12T19:49:14.378417+00:00,,1,0,0.0,0,0,0,0,0,0.0,0.0,0.0,0.0,0.0,API,0.0,0.0,2025-11-12T19:49:14.378417+00:00,2025-11-12T19:49:14.378417+00:00
,2025-11-12T19-17-32_kimi-k2-thinking,moonshotai/kimi-k2-thinking,2.0.2,2025-11-12T19:17:32.552543+00:00,,1,1,1.0,5,4,1,0,0.8,412.426,412.426,19388.0,7748.0,11640.0,API,0.0154948,0.0,2025-11-12T19:17:32.552543+00:00,2025-11-12T19:20:58.796784+00:00
,2025-11-12T18-13-54_kimi-k2-thinking,moonshotai/kimi-k2-thinking,2.0.2,2025-11-12T18:13:54.534944+00:00,,1,0,0.0,6,1,2,3,0.16666666666666666,663.792,663.792,26322.0,6060.0,20262.0,API,0.02834475,0.0,2025-11-12T18:13:54.534944+00:00,2025-11-12T18:19:26.462218+00:00
,2025-11-06T23-17-31_phi-4,microsoft/phi-4,2.0.2,2025-11-06T23:17:31.200586+00:00,,20,1,0.05,102,17,79,6,0.16666666666666666,94.7025,1894.05,301058.0,228980.0,72078.0,API,0.013059759999999997,0.0,2025-11-06T23:17:31.200586+00:00,2025-11-06T23:33:18.869649+00:00
,2025-11-06T23-14-24_kimi-k2-thinking,moonshotai/kimi-k2-thinking,2.0.2,2025-11-06T23:14:24.619188+00:00,,1,0,0.0,1,0,0,1,0.0,1062.576,1062.576,11582.0,544.0,11038.0,API,0.0139607,0.0,2025-11-06T23:14:24.619188+00:00,2025-11-06T23:26:18.242750+00:00
,2025-11-06T23-05-38_nova-pro,amazon/nova-pro-v1,2.0.2,2025-11-06T23:05:38.977468+00:00,,1,0,0.0,5,1,4,0,0.2,29.946,29.946,13794.0,11896.0,1898.0,API,0.0077952,0.0,2025-11-06T23:05:38.977468+00:00,2025-11-06T23:05:53.979542+00:00
,2025-11-06T23-05-28_kimi-k2-thinking,unknown,2.0.2,2025-11-06T23:05:28.175169+00:00,,1,0,0.0,0,0,0,0,0,0.0,0.0,0.0,0.0,0.0,API,0.0,0.0,2025-11-06T23:05:28.175169+00:00,2025-11-06T23:06:32.332999+00:00
,2025-11-06T23-03-46_kimi-k2-thinking,unknown,2.0.2,2025-11-06T23:03:46.313335+00:00,,1,0,0.0,0,0,0,0,0,0.0,0.0,0.0,0.0,0.0,API,0.0,0.0,2025-11-06T23:03:46.313335+00:00,2025-11-06T23:04:50.440933+00:00
,2025-11-06T23-01-57_nova-micro,amazon/nova-micro-v1,2.0.2,2025-11-06T23:01:57.582983+00:00,,1,0,0.0,4,0,4,0,0.0,14.988,14.988,7456.0,5408.0,2048.0,API,0.000238,0.0,2025-11-06T23:01:57.582983+00:00,2025-11-06T23:02:05.105374+00:00
,2025-11-06T23-01-27_phi-4,microsoft/phi-4,2.0.2,2025-11-06T23:01:27.675781+00:00,,1,0,0.0,6,1,4,1,0.16666666666666666,143.018,143.018,18634.0,14524.0,4110.0,API,0.0007371700000000001,0.0,2025-11-06T23:01:27.675781+00:00,2025-11-06T23:02:39.213963+00:00
,2025-10-18T23-08-46_grok4,x-ai/grok-4,2.0.2,2025-10-18T23:08:46.378216+00:00,,20,20,1.0,82,80,2,0,0.975609756097561,417.82370000000003,8356.474,543724.0,224730.0,318994.0,API,2.532261,0.0,2025-10-18T23:08:46.378216+00:00,2025-10-19T00:18:24.738922+00:00
,2025-10-18T23-06-13_grok4,x-ai/grok-4,2.0.2,2025-10-18T23:06:13.734064+00:00,,1,1,1.0,4,4,0,0,1.0,278.26,278.26,21126.0,10050.0,11076.0,API,0.089469,0.0,2025-10-18T23:06:13.734064+00:00,2025-10-18T23:08:32.870060+00:00
,2025-10-18T23-04-42_grok4,x-ai/grok-4,2.0.2,2025-10-18T23:04:42.978760+00:00,,1,1,1.0,4,4,0,0,1.0,145.568,145.568,16052.0,10452.0,5600.0,API,0.04878825,0.0,2025-10-18T23:04:42.978760+00:00,2025-10-18T23:05:55.770949+00:00
,2025-10-18T19-58-13_kimi-k2,moonshotai/kimi-k2-0905,2.0.2,2025-10-18T19:58:13.491602+00:00,,20,10,0.5,100,53,47,0,0.53,138.54829999999998,2770.966,285286.0,210792.0,74494.0,API,0.15402391,0.0,2025-10-18T19:58:13.491602+00:00,2025-10-18T20:21:19.118487+00:00
,2025-10-18T19-57-26_qwen3-max,qwen/qwen3-max,2.0.2,2025-10-18T19:57:26.166234+00:00,,20,13,0.65,106,63,29,14,0.5943396226415094,259.2711,5185.422,549748.0,401678.0,148070.0,API,0.6852168,0.0,2025-10-18T19:57:26.166234+00:00,2025-10-18T20:40:39.037337+00:00
,2025-10-18T19-37-37_grok4,x-ai/grok-4,2.0.2,2025-10-18T19:37:37.982547+00:00,,20,2,0.1,62,8,0,54,0.12903225806451613,366.04879999999997,7320.976,403528.0,131286.0,272242.0,API,2.1207675,0.0,2025-10-18T19:37:37.982547+00:00,2025-10-18T20:38:38.567675+00:00
,2025-10-18T19-34-33_gpt-oss-20b,openai/gpt-oss-20b,2.0.2,2025-10-18T19:34:33.333439+00:00,,20,8,0.4,108,45,57,6,0.4166666666666667,488.4491,9768.982,1374056.0,165132.0,1208924.0,API,0.11676460000000005,0.0,2025-10-18T19:34:33.333439+00:00,2025-10-18T20:55:57.976166+00:00
,2025-10-18T19-34-10_gpt-oss-120b,openai/gpt-oss-120b,2.0.2,2025-10-18T19:34:10.265666+00:00,,20,14,0.7,111,65,25,21,0.5855855855855856,292.1967,5843.934,775212.0,148366.0,626846.0,API,0.12224707999999995,0.0,2025-10-18T19:34:10.265666+00:00,2025-10-18T20:22:52.389217+00:00
,2025-10-18T19-33-44_gemini-2.5,google/gemini-2.5-pro,2.0.2,2025-10-18T19:33:44.879841+00:00,,20,18,0.9,89,75,12,2,0.8426966292134831,123.2453,2464.906,457058.0,222340.0,234718.0,API,1.303641375,0.0,2025-10-18T19:33:44.879841+00:00,2025-10-18T19:54:17.466626+00:00
,2025-10-18T19-31-51_gemini-2.5,google/gemini-2.5-pro,2.0.2,2025-10-18T19:31:51.176983+00:00,,2,1,0.5,5,4,1,0,0.8,58.581,117.162,22402.0,12076.0,10326.0,API,0.059177499999999994,0.0,2025-10-18T19:31:51.176983+00:00,2025-10-18T19:32:49.765437+00:00
,2025-10-18T19-31-21_deepseek-r1,deepseek/deepseek-r1-0528,2.0.2,2025-10-18T19:31:21.752358+00:00,,20,16,0.8,99,69,30,0,0.696969696969697,1108.5973,22171.946,855408.0,213930.0,641478.0,API,0.9790677800000004,0.0,2025-10-18T19:31:21.752358+00:00,2025-10-18T22:36:07.875030+00:00
,2025-10-18T19-30-19_ring-1t,unknown,2.0.2,2025-10-18T19:30:19.131726+00:00,,1,0,0.0,0,0,0,0,0,0.0,0.0,0.0,0.0,0.0,API,0.0,0.0,2025-10-18T19:30:19.131726+00:00,2025-10-18T19:30:19.131726+00:00
,2025-10-18T19-29-21_glm-4.6,z-ai/glm-4.6,2.0.2,2025-10-18T19:29:21.442604+00:00,,20,7,0.35,115,45,48,22,0.391304347826087,203.1064,4062.128,328498.0,224796.0,103702.0,API,0.16703811999999993,0.0,2025-10-18T19:29:21.442604+00:00,2025-10-18T20:03:12.681825+00:00
,2025-10-18T19-29-16_ernie-4.5,baidu/ernie-4.5-21b-a3b-thinking,2.0.2,2025-10-18T19:29:16.622969+00:00,,20,0,0.0,99,18,80,1,0.18181818181818182,404.9431,8098.862,891844.0,188150.0,703694.0,API,0.10510240999999997,0.0,2025-10-18T19:29:16.622969+00:00,2025-10-18T20:36:46.201571+00:00
,2025-10-18T19-27-39_glm-4.6,z-ai/glm-4.6,2.0.2,2025-10-18T19:27:39.901745+00:00,,1,1,1.0,6,4,0,2,0.6666666666666666,91.756,91.756,12204.0,9002.0,3202.0,API,0.00571126,0.0,2025-10-18T19:27:39.901745+00:00,2025-10-18T19:28:25.789686+00:00
,2025-10-18T19-25-27_ernie-4.5,baidu/ernie-4.5-21b-a3b-thinking,2.0.2,2025-10-18T19:25:27.399599+00:00,,1,0,0.0,7,2,4,1,0.2857142857142857,391.78,391.78,49812.0,15014.0,34798.0,API,0.00539721,0.0,2025-10-18T19:25:27.399599+00:00,2025-10-18T19:28:43.300071+00:00
,2025-10-18T19-22-23_ring-1t,unknown,2.0.2,2025-10-18T19:22:23.816245+00:00,,1,0,0.0,0,0,0,0,0,0.0,0.0,0.0,0.0,0.0,API,0.0,0.0,2025-10-18T19:22:23.816245+00:00,2025-10-18T19:22:23.816245+00:00
,2025-10-16T03-36-12_haiku-4.5,anthropic/claude-haiku-4.5,2.0.2,2025-10-16T03:36:12.900221+00:00,,11,9,0.8181818181818182,49,40,9,0,0.8163265306122449,50.93654545454546,560.302,207040.0,149728.0,57312.0,API,0.21814400000000003,0.0,2025-10-16T03:36:12.900221+00:00,2025-10-16T03:40:53.360744+00:00
,2025-10-16T03-32-31_haiku-4.5,anthropic/claude-haiku-4.5,2.0.2,2025-10-16T03:32:31.297865+00:00,,1,1,1.0,7,4,3,0,0.5714285714285714,102.618,102.618,47972.0,35940.0,12032.0,API,0.04805,0.0,2025-10-16T03:32:31.297865+00:00,2025-10-16T03:33:22.640310+00:00
,2025-10-03T22-24-39_gpt5,openai/gpt-5,2.0.2,2025-10-03T22:24:39.684838+00:00,,11,11,1.0,45,44,1,0,0.9777777777777777,372.15563636363635,4093.712,258942.0,37464.0,221478.0,API,0.0,1.130805,2025-10-03T22:24:39.684838+00:00,2025-10-03T22:58:46.868793+00:00
,2025-10-03T22-24-21_o3,openai/o3,2.0.2,2025-10-03T22:24:21.080520+00:00,,11,11,1.0,44,44,0,0,1.0,291.4818181818182,3206.3,222866.0,43658.0,179208.0,API,0.0,0.76049,2025-10-03T22:24:21.080520+00:00,2025-10-03T22:51:04.538302+00:00
,2025-10-03T22-24-00_gpt5-mini,openai/gpt-5-mini,2.0.2,2025-10-03T22:24:00.846354+00:00,,11,11,1.0,47,44,3,0,0.9361702127659575,142.122,1563.342,180608.0,54048.0,126560.0,API,0.0,0.13305679999999998,2025-10-03T22:24:00.846354+00:00,2025-10-03T22:37:02.875257+00:00
,2025-10-03T06-46-18_grok4-fast,x-ai/grok-4-fast,2.0.2,2025-10-03T06:46:18.897860+00:00,,20,20,1.0,83,80,3,0,0.963855421686747,342.8384,6856.768,322684.0,130626.0,192058.0,API,0.05577985000000001,0.0,2025-10-03T06:46:18.897860+00:00,2025-10-03T07:43:27.937824+00:00
,2025-10-02T04-18-18_sonnet-4.5,anthropic/claude-4.5-sonnet,2.0.2,2025-10-02T04:18:18.176716+00:00,,11,9,0.8181818181818182,47,38,9,0,0.8085106382978723,98.0010909090909,1078.012,164902.0,115516.0,49386.0,API,0.5436690000000002,0.0,2025-10-02T04:18:18.176716+00:00,2025-10-02T04:27:17.516808+00:00
,2025-10-02T04-17-58_grok4-fast,x-ai/grok-4-fast,2.0.2,2025-10-02T04:17:58.112448+00:00,,11,11,1.0,45,44,0,1,0.9777777777777777,147.57309090909092,1623.304,141890.0,67316.0,74574.0,API,0.02199755,0.0,2025-10-02T04:17:58.112448+00:00,2025-10-02T04:31:30.058403+00:00
,2025-10-02T03-31-59_gemini-flash,google/gemini-2.5-flash,2.0.2,2025-10-02T03:31:59.867796+00:00,,11,8,0.7272727272727273,49,32,17,0,0.6530612244897959,54.20963636363637,596.306,340076.0,225496.0,114580.0,API,0.17417817499999996,0.0,2025-10-02T03:31:59.867796+00:00,2025-10-02T03:36:58.373262+00:00
,2025-10-01T23-54-21_gemini-flash,google/gemini-2.5-flash,2.0.2,2025-10-01T23:54:21.213420+00:00,,11,9,0.8181818181818182,55,40,14,1,0.7272727272727273,57.535999999999994,632.896,387096.0,269552.0,117544.0,API,0.17980775000000004,0.0,2025-10-01T23:54:21.213420+00:00,2025-10-01T23:59:37.962328+00:00
,2025-10-01T23-43-23_gemini-flash,google/gemini-2.5-flash,2.0.2,2025-10-01T23:43:23.354077+00:00,,11,8,0.7272727272727273,48,33,15,0,0.6875,51.031454545454544,561.346,290676.0,187290.0,103386.0,API,0.15553792499999997,0.0,2025-10-01T23:43:23.354077+00:00,2025-10-01T23:48:04.192991+00:00
,2025-10-01T23-14-49_gemini-flash,google/gemini-2.5-flash,2.0.2,2025-10-01T23:14:49.245656+00:00,,1,1,1.0,8,8,0,0,1.0,78.68,78.68,36056.0,25320.0,10736.0,API,0.017218,0.0,2025-10-01T23:14:49.245656+00:00,2025-10-01T23:14:59.101677+00:00
,2025-10-01T22-41-29_gemini-flash,google/gemini-2.5-flash,2.0.2,2025-10-01T22:41:29.635333+00:00,,1,1,1.0,14,8,6,0,0.5714285714285714,281.504,281.504,205504.0,154208.0,51296.0,API,0.08725119999999999,0.0,2025-10-01T22:41:29.635333+00:00,2025-10-01T22:42:04.846924+00:00
,2025-10-01T22-32-11_gemini-flash,google/gemini-2.5-flash,2.0.2,2025-10-01T22:32:11.763777+00:00,,1,1,1.0,12,8,4,0,0.6666666666666666,345.392,345.392,301808.0,240848.0,60960.0,API,0.10072349999999998,0.0,2025-10-01T22:32:11.763777+00:00,2025-10-01T22:32:54.959812+00:00
,2025-10-01T22-25-29_gemini-flash,unknown,2.0.2,2025-10-01T22:25:29.458891+00:00,,1,1,1.0,0,0,0,0,0,261.064,261.064,0.0,0.0,0.0,API,0.0776236,0.0,2025-10-01T22:25:29.458891+00:00,2025-10-01T22:26:02.111054+00:00
,2025-10-01T22-16-39_gemini-flash,unknown,2.0.2,2025-10-01T22:16:39.583745+00:00,,1,0,0.0,0,0,0,0,0,374.96,374.96,0.0,0.0,0.0,API,0.0905552,0.0,2025-10-01T22:16:39.583745+00:00,2025-10-01T22:17:26.470174+00:00
,2025-10-01T21-59-38_gemini-flash,unknown,2.0.2,2025-10-01T21:59:42.075001+00:00,,1,1,1.0,0,0,0,0,0,230.064,230.064,0.0,0.0,0.0,API,0.05711119999999999,0.0,2025-10-01T21:59:42.075001+00:00,2025-10-01T22:00:09.825993+00:00
